"WHM Name","WH Name","WH ID","Address","District","State","Capacity(in MT)","Registration Date","Registration Valid Upto","Contact No.","Status","Remarks"
"AAR KAY LOGISTICS & WAREHOUSING PRIVATE LIMITED","AAR KAY LOGISTICS & WAREHOUSING PRIVATE LIMITED","6753750","DHAMTAN SAHIB,","Jind","HARYANA","14000","10-Jul-2023","09-Jul-2028","9728093203","Active",""
"ANITA GOYAL","ANITA GOYAL","7021868","VILLAGE BISHANPURA, ROHTAK ROAD","Jind","HARYANA","24210","17-Feb-2025","16-Feb-2030","8168006269","Active",""
"Asha Rani","kanica gupta","6638019","Nariana to sagga road Village narina,Dist Karnal,","Karnal","HARYANA","4999","03-Oct-2022","02-Oct-2027","9991116911","Active",""
"Asha Rani","Asha rani","6637474","Karnal to kaithal road,village kuchpura,tehshil Nissing district karnal 132024, district karnal","Karnal","HARYANA","4872","28-Sep-2022","27-Sep-2025","9991116911","Active",""
"ASHWANI SHARMA","ASHWANI C/O MARKET COMMITTEE MADLAUDA","7022403","V P O MADLAUDA,","Panipat","HARYANA","5754","19-Feb-2025","18-Feb-2030","9253331702","Active",""
"AWLA INFRA","AWLA INFRA PEG NEEMLA","6881643","Hanumangarh Road Village Neemla, Teh. Ellenabad ,Sirsa (HR)","Sirsa","HARYANA","180000","08-Mar-2024","07-Mar-2029","6284040231","Active",""
"Central Warehousing Corporation","CW, Uklana","4891647","Near Grain Market, HSAMB Godow,, Sirsa Road, Uklana","Hisar","HARYANA","5000","27-Apr-2021","26-Apr-2026","9467345599","Active",""
"Central Warehousing Corporation","CW, Kaithal","2931668","Opp. Sunshine School, Jind Road,","Kaithal","HARYANA","25700","26-Feb-2021","25-Feb-2026","8448623533","Active",""
"Central Warehousing Corporation","CW, Jagadhri","4211652","Plot no. 08 to 11 and 30 to 33, HSIDC Complex Manakpur","Yamunanagar","HARYANA","35273","31-Mar-2021","30-Mar-2026","9416907550","Active",""
"Central Warehousing Corporation","CW, Fatehabad","4611662","HSAMB, Opp New Grain Market, Near SBI","Fatehabad","HARYANA","4200","15-Apr-2021","14-Apr-2026","7986605874","Active",""
"Central Warehousing Corporation","Tohana","4851645","HSIIDC Complex, Opp. Railway Station,","Fatehabad","HARYANA","24880","23-Apr-2021","22-Apr-2026","8059321405","Active",""
"Central Warehousing Corporation","CW, Gohana","4071642","Jind Road, Near Kandhran Mod, Gohana","Sonipat","HARYANA","9915","30-Mar-2021","29-Mar-2026","9896097719","Active",""
"Central Warehousing Corporation","CW KARNAL-III","6750244","CW,KARNAL-III, Near New Grain Market,Bazida Jattan Road,","Karnal","HARYANA","84728","30-Jun-2023","29-Jun-2028","9636717778","Active",""
"Central Warehousing Corporation","CW, Ladwa","4851665","Hinori Road, Ladwa,","Kurukshetra","HARYANA","26834","23-Apr-2021","22-Apr-2026","8708241717","Active",""
"Central Warehousing Corporation","Central Warehouse Indri","6763387","Near New Grain Market,","Karnal","HARYANA","18502","27-Jul-2023","26-Jul-2028","9467985550","Active",""
"Central Warehousing Corporation","CW, Rohtak","5671641","HSAMB Complex,","Rohtak","HARYANA","4900","22-Jun-2021","21-Jun-2026","9812115689","Active",""
"Central Warehousing Corporation","CW, Naraingarh","4091642","Near Govt. College, Kullarpur ROad,","Ambala","HARYANA","30000","30-Mar-2021","29-Mar-2026","9463310213","Active",""
"Central Warehousing Corporation","CW Karnal-I","6745384","Matak Majri, Near Old Grain Market","Karnal","HARYANA","14434","27-Jun-2023","26-Jun-2028","7219075283","Active",""
"Central Warehousing Corporation","CW, Bhiwani","5051665","Plot No.75, Sector-21, NCCF Dal Mills, Industrial Area","Bhiwani","HARYANA","9552","03-May-2021","02-May-2026","9992977888","Active",""
"Central Warehousing Corporation","CW HISAR","6746192","SIRSA ROAD,","Hisar","HARYANA","28400","27-Jun-2023","26-Jun-2028","9998402282","Active",""
"Central Warehousing Corporation","CW, Narwana","5031641","New Anaj Mandi, narwana,","Jind","HARYANA","6000","03-May-2021","02-May-2026","9779826524","Active",""
"Central Warehousing Corporation","CW ASSANDH","6794887","Sirsal Road, Near Grain Market","Karnal","HARYANA","28116","27-Oct-2023","26-Oct-2028","9416737901","Active",""
"Central Warehousing Corporation","CW CHARKHI DADRI","6748719","Loharu Road,Near Bus Stand, MC Colony,Charkhi Dadri,","Bhiwani","HARYANA","15800","30-Jun-2023","29-Dec-2027","8683975534","Active",""
"Central Warehousing Corporation","CW, Barhi","4431657","Plot No. 475-478, HSIDC Complex GT Road Barhi","Sonipat","HARYANA","26600","07-Apr-2021","06-Apr-2026","9416014478","Active",""
"Central Warehousing Corporation","CW, Sirsa","4991645","Plot no.7-22, HSIIDC Complex,, Near Delhi Pull, Hisar Road","Sirsa","HARYANA","23700","29-Apr-2021","28-Apr-2026","9896263728","Active",""
"Central Warehousing Corporation","CW SONIPAT","6763478","Rohtak Road Near Kalupur Chungi,","Sonipat","HARYANA","19410","27-Jul-2023","26-Jul-2028","7988284008","Active",""
"Central Warehousing Corporation","CW, Bibipur","6131640","Bhiwani-Jind Road, Bibipur,","Jind","HARYANA","14800","22-Jul-2021","21-Jul-2026","9896097719","Active",""
"Central Warehousing Corporation","CW, Mandi Adampur","6311645","Mandi Adampur,","Hisar","HARYANA","17250","30-Jul-2021","29-Jul-2026","7015949678","Active",""
"Haryana State Cooperative supply and marketing federation limited","Hafed Storage Complex Near Anaj Mandi Hansi","6997472","Jind Road Hansi, Behind BDO Office","Hisar","HARYANA","17500","25-Nov-2024","24-Aug-2029","9878513934","Active",""
"Haryana State Cooperative supply and marketing federation limited","Hafed Storage Complex Sainipura","7008188","VPO Sanipura, Hansi","Hisar","HARYANA","8000","06-Jan-2025","05-Jan-2030","9878513934","Active",""
"Haryana State Cooperative supply and marketing federation limited","Hafed Rice Mill, Radaur","7010705","Bapoli Road,","Yamunanagar","HARYANA","5000","17-Jan-2025","16-Jan-2030","9354224120","Active",""
"Haryana State Cooperative supply and marketing federation limited","Hafed Complex, Sadhura","7012776","Sadhura dusdka road,","Yamunanagar","HARYANA","5000","27-Jan-2025","26-Jan-2030","9466212688","Active",""
"Haryana State Cooperative supply and marketing federation limited","HAFED COMPLEX DEEPALPUR","7017726","VILLAGE - DEEPALPUR, SONIPAT","Sonipat","HARYANA","8550","06-Feb-2025","05-Feb-2030","8168432501","Active",""
"Haryana State Cooperative supply and marketing federation limited","HAFED COMPLEX TALAV","6991624","CHHUCHHKWAS DADRI ROAD, TALAV","Jhajjar","HARYANA","20360","01-Nov-2024","31-Oct-2029","9466492221","Active",""
"Haryana State Cooperative supply and marketing federation limited","Hafed complex Bhaini","7061914","Village- Bhaini (Ladwa),","Kurukshetra","HARYANA","30850","02-Apr-2025","01-Apr-2030","8529495808","Active",""
"Haryana State Cooperative supply and marketing federation limited","hafed seed processing plant","7026818","near iti, ganaur, ganaur","Sonipat","HARYANA","12000","27-Feb-2025","26-Feb-2030","8708371302","Active",""
"Haryana State Cooperative supply and marketing federation limited","Hafed complex pugthala","7026362","pugthala, pugthala","Sonipat","HARYANA","7500","27-Feb-2025","26-Feb-2030","9466380315","Active",""
"Haryana State Cooperative supply and marketing federation limited","Hafed Complex Tohana","7022858","Chandigarh Road,","Fatehabad","HARYANA","36600","19-Feb-2025","18-Aug-2029","7082073716","Active",""
"Haryana State Cooperative supply and marketing federation limited","Hafed Storage Complex Barwala","6990279","Behind Anaj Mandi, Barwala","Hisar","HARYANA","13750","29-Oct-2024","28-Oct-2029","9878513934","Active",""
"Haryana State Cooperative supply and marketing federation limited","Hafed Storage Complex New Anaj Mandi Narnaund","7003320","near new Anaj mandi, Nanrnaund","Hisar","HARYANA","16680","19-Dec-2024","18-Dec-2029","9878513934","Active",""
"Haryana State Cooperative supply and marketing federation limited","Hafed, Compex, Jagadhri","7021595","Near Panchayat Bhawan,","Yamunanagar","HARYANA","16570","14-Feb-2025","13-Feb-2030","9315192944","Active",""
"Haryana State Cooperative supply and marketing federation limited","HAFED COMPLEX MADINA","6995310","HISAR ROAD, MADINA","Rohtak","HARYANA","25049","20-Nov-2024","19-May-2029","9034517555","Active",""
"Haryana State Cooperative supply and marketing federation limited","Hafed Complex Garhi Kesri, Ganaur","7012057","Garhi kesri, Ganaur","Sonipat","HARYANA","14600","23-Jan-2025","22-Jan-2030","9466380315","Active",""
"Haryana State Cooperative supply and marketing federation limited","Hafed Complex Gohana","7015928","Jind Road Gohana, Gohana","Sonipat","HARYANA","16350","06-Feb-2025","05-Feb-2030","8650044344","Active",""
"Haryana State Cooperative supply and marketing federation limited","Hafed Complex, Saraswatinagar","7036262","Mansupur Road,","Yamunanagar","HARYANA","21265","12-Mar-2025","11-Mar-2030","9050132267","Active",""
"Haryana State Cooperative supply and marketing federation limited","Hafed storage complex near water work Kheri Jalab","7017361","Near water work, VPO Kheri Jalab","Hisar","HARYANA","18447","06-Feb-2025","05-Feb-2030","9878513934","Active",""
"Haryana State Cooperative supply and marketing federation limited","Hafed New Complex Bhuna","7023039","Uklana Road,","Fatehabad","HARYANA","57514","19-Feb-2025","18-Aug-2029","9812565322","Active",""
"HARYANA STATE WAREHOUSING CORPORATION","HSWC UCHANA","6619290","OPP.GOVT. HOSPITAL, UCHANA,JIND,","Jind","HARYANA","23148","21-Aug-2022","20-Aug-2027","9306025824","Active",""
"HARYANA STATE WAREHOUSING CORPORATION","SWH GHARAUNDA-2","6645576","ANAJ MANDI, GHARAUNDA","Karnal","HARYANA","22040","28-Oct-2022","27-Oct-2027","9467048653","Active",""
"HARYANA STATE WAREHOUSING CORPORATION","SWH SALWAN","6645758","ASSAND ROAD, NEAR GRAIN MARKET SALWAN","Karnal","HARYANA","5977","28-Oct-2022","27-Oct-2027","9671964779","Active",""
"HARYANA STATE WAREHOUSING CORPORATION","Tauru","6638738","Rewari Raod, Near by Baba Shyam Mandir","Mewat","HARYANA","15216","03-Oct-2022","02-Oct-2027","9416716549","Active",""
"HARYANA STATE WAREHOUSING CORPORATION","Nuh","6638555","Tauru Road, Near by Petrol Pump","Mewat","HARYANA","8940","03-Oct-2022","02-Oct-2027","8053818553","Active",""
"HARYANA STATE WAREHOUSING CORPORATION","SWH JHAJJAR","6611198","GURUGRAM ROAD, JHAJJAR,","Jhajjar","HARYANA","7400","08-Aug-2022","07-Aug-2027","9813383780","Active",""
"HARYANA STATE WAREHOUSING CORPORATION","STATE WAREHOUSE MAHENDERGARH","6667620","NEAR RAILWAY STATION MAHENDERGARH,","Mahendragarh","HARYANA","7000","27-Dec-2022","26-Dec-2027","9468355544","Active",""
"HARYANA STATE WAREHOUSING CORPORATION","SWH- RAMPURA( REWARI)","6611107","NARNAUL ROAD, REWARI, NARNAUL ROAD, REWARI","Rewari","HARYANA","16450","08-Aug-2022","07-Aug-2027","8607753361","Active",""
"HARYANA STATE WAREHOUSING CORPORATION","SWH-PUNDRI","6637383","Near Parmanand Chowk , karnal Road , Pundri,","Kaithal","HARYANA","10000","28-Sep-2022","27-Sep-2027","9416572767","Active",""
"HARYANA STATE WAREHOUSING CORPORATION","SHAHZADPUR","6644769","SHAHZADPUR, NEAR CIVIL HOSPITAL","Ambala","HARYANA","11484","28-Oct-2022","27-Oct-2027","9467679776","Active",""
"HARYANA STATE WAREHOUSING CORPORATION","Farukh Nagar","6631170","Anaj Mandi, Farukh Nagar","Gurgaon","HARYANA","6000","20-Sep-2022","19-Sep-2027","9810431804","Active",""
"HARYANA STATE WAREHOUSING CORPORATION","SWH Tohana Unit-II","6639819","Opposite Railway Station, Near Chandigargh Road Tohana","Fatehabad","HARYANA","35000","10-Oct-2022","09-Oct-2027","9992642351","Active",""
"HARYANA STATE WAREHOUSING CORPORATION","SWH NISSING","6645667","SHAMBLI ROAD, NEAR ITI NISSING","Karnal","HARYANA","16000","28-Oct-2022","27-Oct-2027","9215553161","Active",""
"HARYANA STATE WAREHOUSING CORPORATION","SWH BARA GUDHA","6646830","NEAR BUS STAND, GRAIN MARKET","Sirsa","HARYANA","7392","28-Oct-2022","27-Oct-2027","8901245053","Active",""
"HARYANA STATE WAREHOUSING CORPORATION","STATE WAREHOUSE GHEER","6646657","VPO GHEER, SHERGARH TAPPU ROAD","Karnal","HARYANA","10393","28-Oct-2022","27-Oct-2027","9658609000","Active",""
"HARYANA STATE WAREHOUSING CORPORATION","HSWC LADWA KURUKSHETRA","6619654","NEAR NEW GRAIN MARKET, RED ROAD LADWA","Kurukshetra","HARYANA","20180","21-Aug-2022","20-Aug-2027","7082215406","Active",""
"HARYANA STATE WAREHOUSING CORPORATION","SWH-JAKHOLI","6993604","JAKHOLI, KAITHAL","Kaithal","HARYANA","19314","12-Nov-2024","11-Nov-2029","9466242846","Active",""
"HARYANA STATE WAREHOUSING CORPORATION","SWH HANSI","6620017","HANSI, HANSI","Hisar","HARYANA","71918","21-Aug-2022","20-Aug-2027","9215553994","Active",""
"HARYANA STATE WAREHOUSING CORPORATION","HSWC Rajound","6990451","Bir Bangra Road, Rajound, Kaithal","Kaithal","HARYANA","8932","29-Oct-2024","28-Oct-2029","9416657364","Active",""
"HARYANA STATE WAREHOUSING CORPORATION","SWH RORI","6645212","Kalanwali Road, Rori","Sirsa","HARYANA","4130","28-Oct-2022","27-Oct-2027","9416334077","Active",""
"HARYANA STATE WAREHOUSING CORPORATION","SWH UKLANA","6611826","CHANDIGARGH ROAD, NEAR NEW GRAIN MARKET","Hisar","HARYANA","22820","08-Aug-2022","07-Aug-2027","9466917045","Active",""
"HARYANA STATE WAREHOUSING CORPORATION","SWH BHATTU","6644314","FATEHABAD ROAD BHATTU,","Fatehabad","HARYANA","7000","28-Oct-2022","27-Oct-2027","9416132487","Active",""
"HARYANA STATE WAREHOUSING CORPORATION","STATE WAREHOUSE SAHA","6648638","SAHA,","Ambala","HARYANA","6700","31-Oct-2022","30-Oct-2027","9466032236","Active",""
"HARYANA STATE WAREHOUSING CORPORATION","Hodal HSAMB","6988380","New Anaj Mandi, Hodal","Palwal","HARYANA","19712","21-Oct-2024","20-Oct-2029","9467942506","Active",""
"HARYANA STATE WAREHOUSING CORPORATION","SWH ISRANA","6989826","PARDANA ROAD,","Panipat","HARYANA","17772","29-Oct-2024","28-Oct-2029","9896441620","Active",""
"HARYANA STATE WAREHOUSING CORPORATION","SWH ISMAILABAD","6619027","PEHOWA ROAD, PEHOWA ROAD","Kurukshetra","HARYANA","14030","21-Aug-2022","20-Aug-2027","8295960940","Active",""
"HARYANA STATE WAREHOUSING CORPORATION","Pinangwan","6647192","SIKRAWA ROAD PINAGWAN, SIKRAWA ROAD PINAGWAN","Mewat","HARYANA","3000","28-Oct-2022","27-Oct-2027","9050849068","Active",""
"HARYANA STATE WAREHOUSING CORPORATION","Sevli","6638282","Saray, Near Haffad Godown","Palwal","HARYANA","16632","03-Oct-2022","02-Oct-2027","8222824382","Active",""
"HARYANA STATE WAREHOUSING CORPORATION","STATE WAREHOUSE BAWANI KHERA","6639900","VPO BAWANI KHERA, NEAR GRAIN MARCKET","Bhiwani","HARYANA","19200","10-Oct-2022","09-Oct-2027","9466756107","Active",""
"HARYANA STATE WAREHOUSING CORPORATION","STATE WAREHOUSE JUNDLA","6646202","VPO JUNDLA, ASSAND ROAD","Karnal","HARYANA","12000","28-Oct-2022","27-Oct-2027","9728166592","Active",""
"HARYANA STATE WAREHOUSING CORPORATION","Pataudi","6653760","Near Hali Mandi, Ward No. - 3","Gurgaon","HARYANA","8000","28-Nov-2022","27-Nov-2027","9896101960","Active",""
"HARYANA STATE WAREHOUSING CORPORATION","Ferojpur Zirka","6647283","Delhi Alwer Road, Near BSNL Tower","Mewat","HARYANA","9850","31-Oct-2022","30-Oct-2027","9813734786","Active",""
"HARYANA STATE WAREHOUSING CORPORATION","HSWC JIND","6709026","Old Hansi Road Jind,","Jind","HARYANA","7310","17-Apr-2023","16-Apr-2028","8708477034","Active",""
"HARYANA STATE WAREHOUSING CORPORATION","SWH ATELI","6611735","NEAR OLD BUS STAND, REWARI ROAD ATELI","Mahendragarh","HARYANA","7420","08-Aug-2022","07-Aug-2027","8930943030","Active",""
"HARYANA STATE WAREHOUSING CORPORATION","SWH ROHTAK-I","6618938","NEAR BHIWANI CHUNGI,ROHTAK,","Rohtak","HARYANA","8000","21-Aug-2022","20-Aug-2027","9468042047","Active",""
"HARYANA STATE WAREHOUSING CORPORATION","SWH JIWAN NAGAR","6626949","RANIA ROAD, NEAR POWER HOUSE","Sirsa","HARYANA","8200","05-Sep-2022","04-Sep-2027","9466091919","Active",""
"HARYANA STATE WAREHOUSING CORPORATION","SWH- Santokh Majra","6998280","Narwal Road V.P.O Santokh Majra,","Kaithal","HARYANA","15092","26-Nov-2024","25-Nov-2029","9813375265","Active",""
"HARYANA STATE WAREHOUSING CORPORATION","SWH- Kaithal 1","6636849","Near New Anaj Mandi, kaithal,","Kaithal","HARYANA","10690","28-Sep-2022","27-Sep-2027","9416439552","Active",""
"HARYANA STATE WAREHOUSING CORPORATION","HSWC,PIPLI","6613442","LADWA ROAD, PIPLI","Kurukshetra","HARYANA","39150","10-Aug-2022","09-Aug-2027","9991999302","Active",""
"HARYANA STATE WAREHOUSING CORPORATION","HSWC JULANA","7041213","NEAR BSNL OFFICE, KARELA ROAD","Jind","HARYANA","23716","19-Mar-2025","18-Mar-2030","9354917728","Active",""
"HARYANA STATE WAREHOUSING CORPORATION","SWH DHANOURI","6610927","GRAIN MARKET DHANOURI,","Jind","HARYANA","5010","08-Aug-2022","07-Aug-2027","9416777626","Active",""
"HARYANA STATE WAREHOUSING CORPORATION","SWH RADAUR","6643951","LADWA ROAD, NEAR GRAIN MARKET","Yamunanagar","HARYANA","10820","28-Oct-2022","27-Oct-2027","9254502000","Active",""
"HARYANA STATE WAREHOUSING CORPORATION","SWH TOHANA -I","6639637","NEAR OLD GRAIN MARKET, NEAR MARKET COMMITTEE TOHANA","Fatehabad","HARYANA","14330","10-Oct-2022","09-Oct-2027","9896473925","Active",""
"HARYANA STATE WAREHOUSING CORPORATION","STATE WAREHOUSE BAPOLI","7004765","JALALPUR ROAD,","Panipat","HARYANA","16551","27-Dec-2024","26-Dec-2029","9255071516","Active",""
"HARYANA STATE WAREHOUSING CORPORATION","SWH DABWALI","6645840","BACK SIDE GRAIN MARKET, CHOUTALA ROAD","Sirsa","HARYANA","7000","28-Oct-2022","27-Oct-2027","9467035124","Active",""
"HARYANA STATE WAREHOUSING CORPORATION","SWH Bhiwani","6619837","Kath mandi, near NGM Bhiwani","Bhiwani","HARYANA","5000","21-Aug-2022","20-Aug-2027","9729295761","Active",""
"HARYANA STATE WAREHOUSING CORPORATION","H.S.W.C. Gumthala Garhu","6644496","v.p.o. Gumthala Garhu,","Kurukshetra","HARYANA","4000","28-Oct-2022","27-Oct-2027","9466095321","Active",""
"HARYANA STATE WAREHOUSING CORPORATION","SWH KALANWALI","6630008","Sardulgarh Road near Rail Railway Faatak, KALANWALI","Sirsa","HARYANA","8080","15-Sep-2022","14-Sep-2027","8901245053","Active",""
"HARYANA STATE WAREHOUSING CORPORATION","HSWC NAYABANS","6610471","VPO NAYABANS,","Rohtak","HARYANA","52668","02-Nov-2022","01-Nov-2027","8221947680","Active",""
"HARYANA STATE WAREHOUSING CORPORATION","Badauli","6610836","Near Gov. Sr. Sec. School, Barauli","Palwal","HARYANA","9854","08-Aug-2022","07-Aug-2027","8818068325","Active",""
"HARYANA STATE WAREHOUSING CORPORATION","SWH NARNAUL","6613988","NEAR GIRLS COLLEGE, BEHROAR ROAD","Mahendragarh","HARYANA","8000","10-Aug-2022","09-Aug-2027","8607926263","Active",""
"HARYANA STATE WAREHOUSING CORPORATION","SWH TOHANA-III","6791735","NEAR NEW GRAIN MARKET,JMALPUR ROAD TOHANA,","Fatehabad","HARYANA","22176","16-Oct-2023","15-Oct-2028","9466831587","Active",""
"HARYANA STATE WAREHOUSING CORPORATION","HSWC MEHAM","6656912","Near Teshil Meham,","Rohtak","HARYANA","9000","30-Nov-2022","29-Nov-2027","9467622445","Active",""
"HARYANA STATE WAREHOUSING CORPORATION","STATE WAREHOUSE NIGDHU","6648182","VPO NIGDHU, NEAR ANAJ MANDI","Karnal","HARYANA","23660","31-Oct-2022","30-Oct-2027","9996548496","Active",""
"HARYANA STATE WAREHOUSING CORPORATION","STATE WAREHOUSE SADHAURA","6654933","NEAR DOSARKA CHONK,","Yamunanagar","HARYANA","5000","30-Nov-2022","29-Nov-2027","8307647003","Active",""
"HARYANA STATE WAREHOUSING CORPORATION","swh kohlawas","6612543","sanwar jhinjhar road, kohlawas","Bhiwani","HARYANA","16170","10-Aug-2022","09-Aug-2027","9896903507","Active",""
"HARYANA STATE WAREHOUSING CORPORATION","SWH BARWALA","6639272","NEAR RAILWAY STATION, RAILWAY ROAD","Hisar","HARYANA","60650","07-Oct-2022","06-Oct-2027","9416007760","Active",""
"HARYANA STATE WAREHOUSING CORPORATION","SWH RANIA","6990816","NEAR ANAJ MANDI, RANIA","Sirsa","HARYANA","15535","29-Oct-2024","28-Oct-2029","9466091919","Active",""
"HARYANA STATE WAREHOUSING CORPORATION","SWH JAKHAL","6640809","BALHARA ROAD, JAKHAL","Fatehabad","HARYANA","23902","12-Oct-2022","11-Oct-2027","9728840777","Active",""
"HARYANA STATE WAREHOUSING CORPORATION","SWH NANYOLA","6638464","State Warehouse Naneola, Village Lottan, Ambala, Haryana, naneola ambala raod","Ambala","HARYANA","4925","03-Oct-2022","02-Oct-2027","9812020141","Active",""
"HARYANA STATE WAREHOUSING CORPORATION","SWH-Nasirpur","7054893","Village-Nasirpur,Near Shani Mandir ,Kaithal Road, Ambla City,","Ambala","HARYANA","36018","27-Mar-2025","26-Mar-2030","8307647003","Active",""
"HARYANA STATE WAREHOUSING CORPORATION","HSWC GUGAHERI","6614168","VPO GUGAHERI,","Rohtak","HARYANA","14322","10-Aug-2022","09-Aug-2027","9896344447","Active",""
"HARYANA STATE WAREHOUSING CORPORATION","SWH BHUNA","6640536","TOHANA ROAD, NEAR GRAIN MARKET","Fatehabad","HARYANA","9900","12-Oct-2022","11-Oct-2027","9813101688","Active",""
"HARYANA STATE WAREHOUSING CORPORATION","SWH BANI","6612816","NEAR BUS STAND, GRAIN MARKET","Sirsa","HARYANA","7500","10-Aug-2022","09-Aug-2027","9467035124","Active",""
"HARYANA STATE WAREHOUSING CORPORATION","SWH DHANDHOOR","6639454","SIRSA ROAD, DHANDHOOR VILLAGE","Hisar","HARYANA","16632","07-Oct-2022","06-Oct-2027","9467032475","Active",""
"HARYANA STATE WAREHOUSING CORPORATION","STATE WAREHOUSE REWARI-1","6611289","BHARAWAS ROAD, REWARI,","Rewari","HARYANA","24357","08-Aug-2022","07-Aug-2027","9416261687","Active",""
"HARYANA STATE WAREHOUSING CORPORATION","Palwal-I","6611370","Alwalpur Raod, Near Anaj Mandi","Palwal","HARYANA","7700","08-Aug-2022","07-Aug-2027","9812484252","Active",""
"HARYANA STATE WAREHOUSING CORPORATION","SWH CHAUTALA","6630727","Dabwali Road, VPO Chautala","Sirsa","HARYANA","21660","19-Sep-2022","18-Sep-2027","9466671451","Active",""
"HARYANA STATE WAREHOUSING CORPORATION","HSWC KKR UNIT-1","6644850","KRISHNA NAGAR, GAMRI ROAD,, KURUKSHETRA","Kurukshetra","HARYANA","17868","28-Oct-2022","27-Oct-2027","9255392386","Active",""
"HARYANA STATE WAREHOUSING CORPORATION","Hodal-I","6612907","Near Gorauta Chowk, Near Gorauta Chowk","Palwal","HARYANA","16000","10-Aug-2022","09-Aug-2027","9467942506","Active",""
"HARYANA STATE WAREHOUSING CORPORATION","SWH GOHANA","6648000","BARODA ROAD, NEAR MOR CHOWNK","Sonipat","HARYANA","12100","31-Oct-2022","30-Oct-2027","9050263889","Active",""
"HARYANA STATE WAREHOUSING CORPORATION","SWH Cheeka-I","6992432","Gulha Road Cheeka,","Kaithal","HARYANA","19380","08-Nov-2024","07-Nov-2029","9416394123","Active",""
"HARYANA STATE WAREHOUSING CORPORATION","SWH PANIPAT-II","6688865","NEAR ANAJ MANDI, PANIPAT","Panipat","HARYANA","12500","24-Feb-2023","23-Feb-2028","9991655252","Active",""
"HARYANA STATE WAREHOUSING CORPORATION","SWH RATIA","6611917","TOHANA ROAD, RATIA,","Fatehabad","HARYANA","7000","08-Aug-2022","07-Aug-2027","9812680048","Active",""
"HARYANA STATE WAREHOUSING CORPORATION","HSWC KAITHAL-II","6653851","KUTABPUR ROAD, KAITHAL","Kaithal","HARYANA","19169","28-Nov-2022","27-Nov-2027","9896355461","Active",""
"HARYANA STATE WAREHOUSING CORPORATION","STATE WAREHOUSE MULLANA","6648364","MULLANA,","Ambala","HARYANA","9180","31-Oct-2022","30-Oct-2027","9466032236","Active",""
"HARYANA STATE WAREHOUSING CORPORATION","HSWC Siwan","6990360","Near UHBVN Siwan,","Kaithal","HARYANA","14590","29-Oct-2024","28-Oct-2029","7206284821","Active",""
"HARYANA STATE WAREHOUSING CORPORATION","SWH GHARAUNDA-I","6647374","NEAR LIBERTY COMPANY, G T ROAD","Karnal","HARYANA","11820","31-Oct-2022","30-Oct-2027","8950008851","Active",""
"HARYANA STATE WAREHOUSING CORPORATION","SWH FATEHABAD","6769418","BHATTU ROAD FATEHABAD, SIRSA BYPASS ROAD FATEHABAD","Fatehabad","HARYANA","26981","04-Aug-2023","03-Aug-2028","9812979752","Active",""
"HARYANA STATE WAREHOUSING CORPORATION","Palwal-III","6646020","Near Govt. School, Near Govt. School","Palwal","HARYANA","27392","28-Oct-2022","27-Oct-2027","8053309228","Active",""
"HARYANA STATE WAREHOUSING CORPORATION","HSWC SHAHABAD","6654214","BARARA ROAD, SHAHABAD MARKANDA","Kurukshetra","HARYANA","14078","29-Nov-2022","28-Nov-2027","9896762036","Active",""
"HARYANA STATE WAREHOUSING CORPORATION","Abhishek Gupta Godown","6693006","Near Water Tank, Old chachrauli Road, Jagadhri","Yamunanagar","HARYANA","10000","07-Mar-2023","06-Mar-2028","9467629680","Inactive","EFFECTIVE CONTROL EXPIRED"
"HARYANA STATE WAREHOUSING CORPORATION","SWH-KANINA","6644041","NEAR RAILWAY STATION,KANINA, NEAR RAILWAY STATION,KANINA","Mahendragarh","HARYANA","5545","28-Oct-2022","27-Oct-2027","9467065589","Active",""
"HARYANA STATE WAREHOUSING CORPORATION","SWH PUGTHALA","6644587","PUGTHALA,","Sonipat","HARYANA","19550","28-Oct-2022","27-Oct-2027","9729011090","Active",""
"HARYANA STATE WAREHOUSING CORPORATION","STATE WAREHOUSE TARAORI","6618391","VPO TARAORI, NEAR SELLER NO 521,SONKARA ROAD","Karnal","HARYANA","7680","20-Aug-2022","19-Aug-2027","8708315247","Active",""
"HARYANA STATE WAREHOUSING CORPORATION","SWH DHARSUL","6639546","NEAR GRAIN MARKET, JAKHAL, TOHANA ROAD","Fatehabad","HARYANA","19000","10-Oct-2022","09-Oct-2027","9812180548","Active",""
"HARYANA STATE WAREHOUSING CORPORATION","Sewari","6638373","Village - Sewari, Village - Sewari","Gurgaon","HARYANA","20790","03-Oct-2022","02-Oct-2027","7027027272","Active",""
"HARYANA STATE WAREHOUSING CORPORATION","SWH SIRSA","6613533","NEAR KAPAS MANDI , OLD, HOUSING BOARD COLONY, SIRSA","Sirsa","HARYANA","10500","10-Aug-2022","09-Aug-2027","9053019007","Active",""
"HARYANA STATE WAREHOUSING CORPORATION","SWH ABUBSHAHAR","6629109","SANGARIYA ROAD, NEAR ANAJ MANDI, VILLAGE ABUBSHAHAR","Sirsa","HARYANA","11858","13-Sep-2022","12-Sep-2027","9466671451","Active",""
"HARYANA STATE WAREHOUSING CORPORATION","HSWC KAUL","6645030","V.P.O- KAUL, TEHSIL- DHAND","Kaithal","HARYANA","5670","28-Oct-2022","27-Oct-2027","9991429001","Active",""
"HARYANA STATE WAREHOUSING CORPORATION","HSWC , Kurukshetra (Unit-II)","6611016","New Grain Market ,Kurukshetra,","Kurukshetra","HARYANA","14600","08-Aug-2022","07-Aug-2027","9812401052","Active",""
"HARYANA STATE WAREHOUSING CORPORATION","HSWC PEHOWA","6638191","HARYANA STATE WAREHOUSE, NEAR POST OFFICE","Kurukshetra","HARYANA","16504","03-Oct-2022","02-Oct-2027","8607000628","Active",""
"HARYANA STATE WAREHOUSING CORPORATION","Hathin","6630636","Anaaj Mandi, Ghalab Raod","Palwal","HARYANA","10310","16-Sep-2022","15-Sep-2027","9671791212","Active",""
"HARYANA STATE WAREHOUSING CORPORATION","SWH ELLENABAD","6628119","Near FCI, ELLENABAD","Sirsa","HARYANA","27157","10-Sep-2022","09-Sep-2027","8053717427","Active",""
"HARYANA STATE WAREHOUSING CORPORATION","REWARI UNIT-II","6610745","NEAR SADRA THANA REWARI, NEAR SADRA THANA REWARI","Rewari","HARYANA","10650","08-Aug-2022","07-Aug-2027","9416088709","Active",""
"HARYANA STATE WAREHOUSING CORPORATION","HSWC Cheeka-II","6991178","Cheeka (Kaithal), Badsui Road Kallar Majra (Cheeka)","Kaithal","HARYANA","48896","29-Oct-2024","28-Oct-2029","9812038200","Active",""
"HARYANA STATE WAREHOUSING CORPORATION","SWH DHAMTAN SAHIB","6619563","VPO DHAMTAN SAHIB,","Jind","HARYANA","3670","21-Aug-2022","20-Aug-2027","9416721752","Active",""
"HARYANA STATE WAREHOUSING CORPORATION","HSWC-NAGURAN","6620645","Near Grain Market Naguran,","Jind","HARYANA","18700","22-Aug-2022","21-Aug-2027","9416041888","Active",""
"HARYANA STATE WAREHOUSING CORPORATION","Kheri Kalan","6645394","Sec-88 Kheri Kalan, Near RPS Group","Faridabad","HARYANA","10865","28-Oct-2022","27-Oct-2027","9466458765","Active",""
"HARYANA STATE WAREHOUSING CORPORATION","SWH BARSAT","6646111","VPO BARSAT, NEAR CIVIL HOSPITAL","Karnal","HARYANA","3540","28-Oct-2022","27-Oct-2027","8295600157","Active",""
"HARYANA STATE WAREHOUSING CORPORATION","SWH MADLAUDA","6648273","VPO MADLAUDA, NEAR NEW GRAIN MARKET","Panipat","HARYANA","8000","31-Oct-2022","30-Oct-2027","9812368545","Active",""
"HARYANA STATE WAREHOUSING CORPORATION","STATE WAREHOUSE YAMUNA NAGAR","7055700","NEAR KANHIYA SAHIB CHOWK,","Yamunanagar","HARYANA","9004","27-Mar-2025","26-Mar-2030","9888325372","Active",""
"HARYANA STATE WAREHOUSING CORPORATION","HSWC- ALEWA","6644678","NEAR SBI BANK,","Jind","HARYANA","5880","28-Oct-2022","27-Oct-2027","9728714533","Active",""
"HARYANA STATE WAREHOUSING CORPORATION","HSWC L.Majra","6709745","Opp. Govt. Girls College , Gohana Road,","Rohtak","HARYANA","8740","17-Apr-2023","16-Apr-2028","9215555366","Active",""
"HARYANA STATE WAREHOUSING CORPORATION","State warehouse Indri","7088552","New Grain Market, Indri","Karnal","HARYANA","3352","14-May-2025","13-May-2030","9991655252","Active",""
"HARYANA STATE WAREHOUSING CORPORATION","HSWC SAFIDON-I","6611644","Hatt road, Safidon,","Jind","HARYANA","22630","08-Aug-2022","07-Aug-2027","8168471380","Active",""
"HARYANA STATE WAREHOUSING CORPORATION","STATE WARE HOUSE,AMBALA CITY","6648547","AMBALA CITY, NEAR JAIN COLLEGE","Ambala","HARYANA","18772","31-Oct-2022","30-Oct-2027","9466032236","Active",""
"HARYANA STATE WAREHOUSING CORPORATION","HSWC SAFIDON-II","6613350","VPO Sillakheri,","Jind","HARYANA","31600","10-Aug-2022","09-Aug-2027","9896222544","Active",""
"HARYANA STATE WAREHOUSING CORPORATION","STATE WAREHOUSE SUGARFED KARNAL","7091432","MERUTH ROAD,","Karnal","HARYANA","16954","20-May-2025","19-May-2030","9466773640","Active",""
"HARYANA STATE WAREHOUSING CORPORATION","SWH SAMALKHA","6644223","NEAR POWER HOUSE, GT ROAD","Panipat","HARYANA","9002","28-Oct-2022","27-Oct-2027","9485611211","Active",""
"HARYANA STATE WAREHOUSING CORPORATION","SWH ROHTAK-II","6688774","NEW GRAIN MARKET, ROHTAK,","Rohtak","HARYANA","7500","24-Feb-2023","23-Feb-2028","9468042047","Active",""
"M/s Om Shree Sai Ram","OM SHREE SAI RAM","7012867","VPO Bichpari, Barwala","Hisar","HARYANA","48000","27-Jan-2025","26-Jan-2030","9728093203","Active",""
"M/s Shri Inder Singh and Others","shri Inder Singh and others","6787501","V.P.O. Karsindhu , Chatar -uchana road, Near Sky path School, Karsindhu","Jind","HARYANA","46670","30-Sep-2023","29-Sep-2028","9896592900","Active",""
"N.N ENTERPRISES","N.N. ENTERPRISES","6992796","KUTABPUR ROAD,","Kaithal","HARYANA","22680","12-Nov-2024","11-Nov-2029","7056370000","Active",""
"POONAM POONAM","POONAM","6994685","VPO IGRAH BHIWANI ROAD,","Jind","HARYANA","26720","18-Nov-2024","17-Nov-2029","9896425764","Active",""
"Ram Maher","Ram Maher c/o Kiran Santosh","6991269","Godown no 1,2A, 4 and 4A, Khewat No. 153 Khatauni no. 184 Numran Kila No 13,14,15,16, Village Nauhra, District Panipat, Haryana-132105","Panipat","HARYANA","5435","30-Oct-2024","29-Apr-2029","8708830378","Active",""
"Ranbir Singh and Others","RANBIR SINGH AND OTHERS","6823777","village khajurka Post office Alawalpur opposite sree chaitnaya school,","Palwal","HARYANA","18000","22-Dec-2023","21-Dec-2028","9560045966","Active",""
"RATTAN BANSAL AND SONS","RATTAN BANSAL & SONS","6551618","4 KM STONE, CHANDANA ROAD PATTI CHAUDHARY","Kaithal","HARYANA","7561","19-Feb-2025","18-Feb-2028","9812032615","Active",""
"Ritu Garg","Ritu Garg c/o Babita warehouse","6956700","Godown No 1,2 and 3, Khewat no. 153 Khatauni No 184 Numbaran khasra kila no 17,18,19,20/1/1, Village Nauhara, District Panipat Haryana-132105","Panipat","HARYANA","5650","09-Jul-2024","08-Jul-2029","8168300319","Active",""
"RKC ENTERPRISES","RKC Enterprises","6986491","vpo badowala Near toll plaza,","Jind","HARYANA","12525","14-Oct-2024","13-Apr-2029","9215725055","Active",""
"SALASAR WAREHOUSING","SALASAR WAREHOUSING","6773105","VILLAGE KALYANA, TEHSIL SHAHBAD (M)","Kurukshetra","HARYANA","37940","21-Aug-2023","20-Aug-2028","9872026675","Active",""
"Satya Sai Overseas","Satya Sai Overseas","6809735","VPO Bhateri, Pehowa","Kurukshetra","HARYANA","38220","04-Dec-2023","03-Jun-2026","7082213276","Active",""
"satya warehouse","SATYA WAREHOUSE","7016553","VPO BICHPARI, BARWALA","Hisar","HARYANA","69546","06-Feb-2025","05-Aug-2027","9728093203","Active",""
"Savita Mittal & Co","M/s Savita Mittal and Co","6829535","V.P.O. Khatkar, Barsola Railway station Road","Jind","HARYANA","39330","28-Dec-2023","27-Dec-2028","9896592900","Active",""
"SEEMA RANI","SEEMA RANI GODOWN","7018625","KHEWAT NO 153, KHATONI NO 212, KHEWAT NO 219, KHATONI NO 282","Karnal","HARYANA","9115","07-Feb-2025","06-Feb-2030","9813916100","Active",""
"SHRI BALA JI WAREHOUSE","Shri Bala Ji Warehouse","6853386","Barara Road Shahbad,","Kurukshetra","HARYANA","22000","07-Feb-2024","06-Feb-2029","9034366091","Active",""
"SUSHIL SANDEEP ASSOCIATES","Sushil Sandeep Associates","6864813","Peoda Road, Kaithal","Kaithal","HARYANA","10640","19-Feb-2024","18-Aug-2028","9416785013","Active",""
"SUSHIL SANDEEP ASSOCIATES","SUSHIL SANDEEP ASSOCIATES","6935191","RAMGARH ROAD, KALAYAT,","Kaithal","HARYANA","18340","30-May-2024","29-May-2029","9416785013","Active",""
"USHA KIRAN","Usha Kiran warehouse","7045891","Kamla Road,","Karnal","HARYANA","10353","21-Mar-2025","20-Mar-2030","9992888819","Active",""
"Ved Prakash","Ved Prakash c/o Kamla Devi","6936819","Godown No 1, Khewat No 117 Khatauni No 1376 Nambaran Khasra, Village untiliya, District Panipat","Panipat","HARYANA","2300","31-May-2024","30-May-2029","9416222281","Inactive",""
"Ved Prakash","Ved Prakash c/o Kiran Santosh","6941132","Godown no 2 and 3, Khewat No. 153 Khatauni no. 184 Numran Kila No 13,14,15,16, Village Nauhra, District Panipat, Haryana-132105","Panipat","HARYANA","3774","10-Jun-2024","09-Jun-2029","9416222281","Inactive","EXPIRED INSURANCE"